Row,family_id,days
1,0,52
2,1,26
3,2,100
4,3,2
5,4,53
6,5,32
7,6,88
8,7,25
9,8,18
10,9,88
11,10,92
12,11,19
13,12,98
14,13,54
15,14,45
16,15,22
17,16,46
18,17,47
19,18,75
20,19,3
21,20,3
22,21,56
23,22,61
24,23,19
25,24,75
26,25,16
27,26,58
28,27,38
29,28,81
30,29,89
31,30,68
32,31,74
33,32,24
34,33,32
35,34,46
36,35,31
37,36,47
38,37,15
39,38,13
40,39,10
41,40,81
42,41,92
43,42,81
44,43,11
45,44,49
46,45,5
47,46,15
48,47,45
49,48,32
50,49,33
51,50,67
52,51,28
53,52,33
54,53,37
55,54,69
56,55,91
57,56,12
58,57,31
59,58,74
60,59,39
61,60,98
62,61,18
63,62,39
64,63,63
65,64,3
66,65,47
67,66,66
68,67,94
69,68,85
70,69,5
71,70,32
72,71,71
73,72,66
74,73,10
75,74,82
76,75,53
77,76,79
78,77,20
79,78,52
80,79,37
81,80,18
82,81,17
83,82,32
84,83,88
85,84,9
86,85,54
87,86,29
88,87,25
89,88,57
90,89,23
91,90,54
92,91,17
93,92,85
94,93,5
95,94,47
96,95,24
97,96,75
98,97,96
99,98,3
100,99,39
101,100,39
102,101,53
103,102,29
104,103,68
105,104,47
106,105,12
107,106,34
108,107,12
109,108,34
110,109,17
111,110,67
112,111,68
113,112,60
114,113,18
115,114,15
116,115,22
117,116,77
118,117,94
119,118,69
120,119,4
121,120,56
122,121,17
123,122,24
124,123,95
125,124,14
126,125,47
127,126,3
128,127,2
129,128,56
130,129,43
131,130,16
132,131,11
133,132,76
134,133,54
135,134,18
136,135,5
137,136,88
138,137,82
139,138,59
140,139,89
141,140,61
142,141,89
143,142,26
144,143,38
145,144,28
146,145,18
147,146,64
148,147,28
149,148,63
150,149,61
151,150,60
152,151,95
153,152,88
154,153,3
155,154,25
156,155,100
157,156,95
158,157,87
159,158,13
160,159,3
161,160,40
162,161,47
163,162,68
164,163,84
165,164,18
166,165,97
167,166,84
168,167,93
169,168,19
170,169,67
171,170,12
172,171,24
173,172,21
174,173,68
175,174,94
176,175,17
177,176,52
178,177,74
179,178,80
180,179,26
181,180,40
182,181,7
183,182,94
184,183,17
185,184,4
186,185,80
187,186,50
188,187,43
189,188,10
190,189,51
191,190,9
192,191,54
193,192,77
194,193,12
195,194,95
196,195,55
197,196,100
198,197,59
199,198,90
200,199,51
201,200,26
202,201,47
203,202,23
204,203,38
205,204,67
206,205,1
207,206,28
208,207,47
209,208,10
210,209,71
211,210,23
212,211,67
213,212,10
214,213,52
215,214,31
216,215,1
217,216,93
218,217,5
219,218,38
220,219,68
221,220,1
222,221,17
223,222,36
224,223,60
225,224,4
226,225,61
227,226,59
228,227,49
229,228,87
230,229,48
231,230,57
232,231,48
233,232,47
234,233,87
235,234,82
236,235,53
237,236,37
238,237,3
239,238,19
240,239,14
241,240,33
242,241,60
243,242,60
244,243,89
245,244,39
246,245,13
247,246,50
248,247,66
249,248,33
250,249,75
251,250,7
252,251,75
253,252,92
254,253,73
255,254,18
256,255,12
257,256,93
258,257,74
259,258,92
260,259,60
261,260,25
262,261,67
263,262,32
264,263,48
265,264,11
266,265,81
267,266,32
268,267,18
269,268,39
270,269,30
271,270,67
272,271,73
273,272,43
274,273,38
275,274,8
276,275,15
277,276,69
278,277,3
279,278,54
280,279,38
281,280,89
282,281,22
283,282,17
284,283,73
285,284,20
286,285,66
287,286,54
288,287,47
289,288,63
290,289,66
291,290,56
292,291,80
293,292,66
294,293,67
295,294,46
296,295,10
297,296,39
298,297,48
299,298,19
300,299,32
301,300,5
302,301,45
303,302,4
304,303,27
305,304,86
306,305,58
307,306,2
308,307,32
309,308,47
310,309,19
311,310,89
312,311,59
313,312,43
314,313,17
315,314,39
316,315,45
317,316,53
318,317,25
319,318,49
320,319,10
321,320,7
322,321,95
323,322,82
324,323,48
325,324,33
326,325,1
327,326,26
328,327,46
329,328,10
330,329,19
331,330,82
332,331,17
333,332,10
334,333,23
335,334,22
336,335,68
337,336,89
338,337,24
339,338,74
340,339,45
341,340,13
342,341,58
343,342,54
344,343,89
345,344,23
346,345,66
347,346,1
348,347,59
349,348,5
350,349,19
351,350,96
352,351,27
353,352,93
354,353,25
355,354,87
356,355,85
357,356,33
358,357,25
359,358,11
360,359,90
361,360,55
362,361,87
363,362,81
364,363,12
365,364,99
366,365,4
367,366,93
368,367,17
369,368,93
370,369,72
371,370,93
372,371,26
373,372,98
374,373,61
375,374,75
376,375,6
377,376,26
378,377,82
379,378,25
380,379,65
381,380,73
382,381,27
383,382,48
384,383,12
385,384,3
386,385,29
387,386,15
388,387,39
389,388,32
390,389,54
391,390,40
392,391,75
393,392,60
394,393,36
395,394,11
396,395,8
397,396,75
398,397,52
399,398,37
400,399,5
401,400,3
402,401,52
403,402,63
404,403,17
405,404,48
406,405,54
407,406,3
408,407,68
409,408,21
410,409,81
411,410,81
412,411,83
413,412,25
414,413,80
415,414,26
416,415,24
417,416,96
418,417,10
419,418,32
420,419,26
421,420,60
422,421,69
423,422,24
424,423,74
425,424,4
426,425,30
427,426,36
428,427,24
429,428,40
430,429,2
431,430,66
432,431,15
433,432,45
434,433,61
435,434,62
436,435,1
437,436,11
438,437,64
439,438,25
440,439,18
441,440,39
442,441,33
443,442,29
444,443,14
445,444,26
446,445,74
447,446,27
448,447,19
449,448,82
450,449,18
451,450,60
452,451,33
453,452,87
454,453,51
455,454,11
456,455,1
457,456,94
458,457,70
459,458,46
460,459,66
461,460,30
462,461,27
463,462,80
464,463,71
465,464,46
466,465,46
467,466,36
468,467,3
469,468,54
470,469,93
471,470,17
472,471,38
473,472,1
474,473,56
475,474,22
476,475,33
477,476,54
478,477,60
479,478,5
480,479,34
481,480,78
482,481,72
483,482,30
484,483,78
485,484,26
486,485,30
487,486,11
488,487,26
489,488,40
490,489,16
491,490,28
492,491,73
493,492,95
494,493,16
495,494,95
496,495,56
497,496,3
498,497,16
499,498,71
500,499,46
501,500,27
502,501,21
503,502,56
504,503,91
505,504,81
506,505,16
507,506,38
508,507,47
509,508,35
510,509,37
511,510,82
512,511,43
513,512,58
514,513,64
515,514,3
516,515,14
517,516,79
518,517,60
519,518,24
520,519,24
521,520,4
522,521,66
523,522,32
524,523,4
525,524,74
526,525,19
527,526,59
528,527,16
529,528,68
530,529,25
531,530,61
532,531,45
533,532,4
534,533,26
535,534,14
536,535,72
537,536,91
538,537,23
539,538,83
540,539,9
541,540,31
542,541,60
543,542,22
544,543,53
545,544,12
546,545,79
547,546,80
548,547,60
549,548,88
550,549,44
551,550,73
552,551,3
553,552,35
554,553,45
555,554,53
556,555,10
557,556,98
558,557,94
559,558,18
560,559,47
561,560,18
562,561,20
563,562,89
564,563,47
565,564,82
566,565,91
567,566,45
568,567,76
569,568,80
570,569,25
571,570,11
572,571,98
573,572,62
574,573,77
575,574,88
576,575,94
577,576,81
578,577,31
579,578,18
580,579,77
581,580,49
582,581,71
583,582,20
584,583,35
585,584,87
586,585,3
587,586,67
588,587,40
589,588,51
590,589,82
591,590,90
592,591,55
593,592,40
594,593,23
595,594,61
596,595,19
597,596,88
598,597,81
599,598,47
600,599,43
601,600,15
602,601,2
603,602,12
604,603,98
605,604,15
606,605,12
607,606,12
608,607,81
609,608,94
610,609,94
611,610,1
612,611,57
613,612,1
614,613,96
615,614,61
616,615,58
617,616,44
618,617,80
619,618,2
620,619,42
621,620,52
622,621,95
623,622,99
624,623,75
625,624,78
626,625,47
627,626,33
628,627,3
629,628,83
630,629,62
631,630,95
632,631,10
633,632,33
634,633,51
635,634,24
636,635,84
637,636,80
638,637,40
639,638,26
640,639,30
641,640,43
642,641,81
643,642,73
644,643,12
645,644,19
646,645,10
647,646,48
648,647,57
649,648,38
650,649,65
651,650,47
652,651,46
653,652,16
654,653,95
655,654,10
656,655,73
657,656,68
658,657,48
659,658,35
660,659,69
661,660,54
662,661,80
663,662,1
664,663,6
665,664,24
666,665,60
667,666,48
668,667,81
669,668,10
670,669,61
671,670,18
672,671,67
673,672,44
674,673,17
675,674,76
676,675,61
677,676,4
678,677,95
679,678,32
680,679,23
681,680,27
682,681,61
683,682,15
684,683,40
685,684,26
686,685,46
687,686,18
688,687,51
689,688,88
690,689,67
691,690,38
692,691,8
693,692,13
694,693,8
695,694,96
696,695,8
697,696,69
698,697,85
699,698,10
700,699,35
701,700,14
702,701,70
703,702,7
704,703,66
705,704,60
706,705,14
707,706,95
708,707,18
709,708,46
710,709,98
711,710,39
712,711,14
713,712,36
714,713,25
715,714,10
716,715,58
717,716,49
718,717,66
719,718,31
720,719,32
721,720,53
722,721,45
723,722,19
724,723,92
725,724,81
726,725,69
727,726,18
728,727,98
729,728,76
730,729,32
731,730,17
732,731,68
733,732,92
734,733,50
735,734,8
736,735,17
737,736,79
738,737,12
739,738,87
740,739,65
741,740,61
742,741,81
743,742,99
744,743,65
745,744,41
746,745,25
747,746,60
748,747,25
749,748,46
750,749,65
751,750,96
752,751,54
753,752,4
754,753,30
755,754,36
756,755,12
757,756,4
758,757,73
759,758,22
760,759,97
761,760,23
762,761,48
763,762,87
764,763,17
765,764,4
766,765,32
767,766,16
768,767,82
769,768,92
770,769,94
771,770,25
772,771,91
773,772,12
774,773,2
775,774,26
776,775,99
777,776,84
778,777,46
779,778,3
780,779,67
781,780,77
782,781,9
783,782,67
784,783,52
785,784,75
786,785,73
787,786,96
788,787,6
789,788,19
790,789,52
791,790,59
792,791,5
793,792,88
794,793,100
795,794,32
796,795,30
797,796,81
798,797,1
799,798,45
800,799,68
801,800,57
802,801,17
803,802,1
804,803,19
805,804,57
806,805,1
807,806,49
808,807,72
809,808,52
810,809,2
811,810,69
812,811,75
813,812,95
814,813,53
815,814,27
816,815,1
817,816,54
818,817,53
819,818,4
820,819,38
821,820,33
822,821,36
823,822,34
824,823,35
825,824,8
826,825,89
827,826,28
828,827,71
829,828,80
830,829,70
831,830,36
832,831,8
833,832,41
834,833,1
835,834,56
836,835,17
837,836,31
838,837,87
839,838,94
840,839,12
841,840,24
842,841,92
843,842,69
844,843,88
845,844,69
846,845,5
847,846,76
848,847,95
849,848,39
850,849,50
851,850,19
852,851,13
853,852,31
854,853,55
855,854,14
856,855,51
857,856,70
858,857,95
859,858,1
860,859,24
861,860,55
862,861,57
863,862,1
864,863,82
865,864,4
866,865,19
867,866,24
868,867,3
869,868,33
870,869,11
871,870,53
872,871,94
873,872,11
874,873,5
875,874,23
876,875,82
877,876,97
878,877,63
879,878,4
880,879,65
881,880,53
882,881,41
883,882,47
884,883,82
885,884,33
886,885,6
887,886,81
888,887,83
889,888,25
890,889,99
891,890,65
892,891,95
893,892,1
894,893,63
895,894,78
896,895,11
897,896,29
898,897,67
899,898,26
900,899,81
901,900,73
902,901,7
903,902,33
904,903,19
905,904,24
906,905,5
907,906,73
908,907,34
909,908,95
910,909,52
911,910,46
912,911,10
913,912,68
914,913,59
915,914,94
916,915,55
917,916,81
918,917,60
919,918,1
920,919,99
921,920,26
922,921,31
923,922,95
924,923,96
925,924,43
926,925,71
927,926,33
928,927,74
929,928,86
930,929,69
931,930,2
932,931,35
933,932,12
934,933,73
935,934,38
936,935,26
937,936,31
938,937,27
939,938,46
940,939,37
941,940,31
942,941,23
943,942,57
944,943,82
945,944,87
946,945,74
947,946,72
948,947,28
949,948,84
950,949,86
951,950,20
952,951,88
953,952,54
954,953,46
955,954,80
956,955,63
957,956,66
958,957,16
959,958,24
960,959,42
961,960,50
962,961,53
963,962,44
964,963,33
965,964,1
966,965,61
967,966,59
968,967,40
969,968,2
970,969,75
971,970,97
972,971,5
973,972,90
974,973,82
975,974,44
976,975,61
977,976,18
978,977,54
979,978,59
980,979,4
981,980,38
982,981,12
983,982,14
984,983,96
985,984,2
986,985,44
987,986,76
988,987,87
989,988,11
990,989,62
991,990,50
992,991,75
993,992,54
994,993,46
995,994,39
996,995,35
997,996,57
998,997,50
999,998,3
1000,999,80
1001,1000,30
1002,1001,25
1003,1002,46
1004,1003,29
1005,1004,45
1006,1005,31
1007,1006,95
1008,1007,1
1009,1008,73
1010,1009,75
1011,1010,46
1012,1011,24
1013,1012,67
1014,1013,11
1015,1014,52
1016,1015,1
1017,1016,9
1018,1017,5
1019,1018,16
1020,1019,75
1021,1020,60
1022,1021,75
1023,1022,73
1024,1023,60
1025,1024,24
1026,1025,71
1027,1026,18
1028,1027,54
1029,1028,13
1030,1029,41
1031,1030,83
1032,1031,94
1033,1032,5
1034,1033,52
1035,1034,58
1036,1035,40
1037,1036,25
1038,1037,66
1039,1038,94
1040,1039,66
1041,1040,23
1042,1041,96
1043,1042,15
1044,1043,16
1045,1044,68
1046,1045,73
1047,1046,54
1048,1047,15
1049,1048,72
1050,1049,31
1051,1050,81
1052,1051,59
1053,1052,9
1054,1053,84
1055,1054,31
1056,1055,81
1057,1056,27
1058,1057,72
1059,1058,79
1060,1059,1
1061,1060,23
1062,1061,65
1063,1062,99
1064,1063,25
1065,1064,75
1066,1065,88
1067,1066,2
1068,1067,75
1069,1068,3
1070,1069,98
1071,1070,49
1072,1071,94
1073,1072,59
1074,1073,32
1075,1074,54
1076,1075,1
1077,1076,26
1078,1077,14
1079,1078,54
1080,1079,59
1081,1080,18
1082,1081,68
1083,1082,80
1084,1083,96
1085,1084,89
1086,1085,31
1087,1086,20
1088,1087,22
1089,1088,88
1090,1089,60
1091,1090,91
1092,1091,56
1093,1092,33
1094,1093,67
1095,1094,19
1096,1095,19
1097,1096,26
1098,1097,55
1099,1098,16
1100,1099,59
1101,1100,67
1102,1101,68
1103,1102,12
1104,1103,74
1105,1104,3
1106,1105,45
1107,1106,3
1108,1107,75
1109,1108,25
1110,1109,5
1111,1110,12
1112,1111,100
1113,1112,67
1114,1113,62
1115,1114,11
1116,1115,31
1117,1116,74
1118,1117,7
1119,1118,73
1120,1119,34
1121,1120,39
1122,1121,94
1123,1122,64
1124,1123,26
1125,1124,96
1126,1125,26
1127,1126,21
1128,1127,68
1129,1128,14
1130,1129,32
1131,1130,12
1132,1131,73
1133,1132,46
1134,1133,3
1135,1134,59
1136,1135,100
1137,1136,32
1138,1137,80
1139,1138,10
1140,1139,42
1141,1140,52
1142,1141,87
1143,1142,3
1144,1143,87
1145,1144,3
1146,1145,53
1147,1146,81
1148,1147,62
1149,1148,26
1150,1149,59
1151,1150,23
1152,1151,25
1153,1152,76
1154,1153,17
1155,1154,99
1156,1155,75
1157,1156,96
1158,1157,15
1159,1158,39
1160,1159,17
1161,1160,96
1162,1161,60
1163,1162,65
1164,1163,18
1165,1164,46
1166,1165,79
1167,1166,36
1168,1167,61
1169,1168,17
1170,1169,1
1171,1170,16
1172,1171,80
1173,1172,2
1174,1173,88
1175,1174,40
1176,1175,60
1177,1176,54
1178,1177,52
1179,1178,32
1180,1179,69
1181,1180,11
1182,1181,56
1183,1182,11
1184,1183,66
1185,1184,82
1186,1185,52
1187,1186,2
1188,1187,75
1189,1188,4
1190,1189,94
1191,1190,49
1192,1191,75
1193,1192,7
1194,1193,4
1195,1194,47
1196,1195,43
1197,1196,67
1198,1197,5
1199,1198,50
1200,1199,16
1201,1200,16
1202,1201,75
1203,1202,53
1204,1203,100
1205,1204,56
1206,1205,9
1207,1206,33
1208,1207,26
1209,1208,43
1210,1209,74
1211,1210,53
1212,1211,49
1213,1212,88
1214,1213,83
1215,1214,100
1216,1215,94
1217,1216,68
1218,1217,41
1219,1218,1
1220,1219,39
1221,1220,54
1222,1221,77
1223,1222,5
1224,1223,58
1225,1224,8
1226,1225,25
1227,1226,10
1228,1227,18
1229,1228,19
1230,1229,21
1231,1230,40
1232,1231,87
1233,1232,67
1234,1233,71
1235,1234,52
1236,1235,45
1237,1236,82
1238,1237,43
1239,1238,96
1240,1239,50
1241,1240,33
1242,1241,60
1243,1242,14
1244,1243,58
1245,1244,94
1246,1245,10
1247,1246,2
1248,1247,81
1249,1248,39
1250,1249,65
1251,1250,38
1252,1251,29
1253,1252,4
1254,1253,72
1255,1254,1
1256,1255,93
1257,1256,10
1258,1257,88
1259,1258,60
1260,1259,66
1261,1260,38
1262,1261,68
1263,1262,60
1264,1263,91
1265,1264,98
1266,1265,83
1267,1266,37
1268,1267,23
1269,1268,35
1270,1269,28
1271,1270,54
1272,1271,95
1273,1272,89
1274,1273,27
1275,1274,87
1276,1275,71
1277,1276,7
1278,1277,49
1279,1278,82
1280,1279,57
1281,1280,9
1282,1281,76
1283,1282,81
1284,1283,29
1285,1284,2
1286,1285,70
1287,1286,97
1288,1287,1
1289,1288,3
1290,1289,39
1291,1290,52
1292,1291,34
1293,1292,35
1294,1293,77
1295,1294,75
1296,1295,95
1297,1296,3
1298,1297,96
1299,1298,31
1300,1299,11
1301,1300,40
1302,1301,9
1303,1302,27
1304,1303,80
1305,1304,54
1306,1305,5
1307,1306,52
1308,1307,60
1309,1308,58
1310,1309,57
1311,1310,46
1312,1311,45
1313,1312,10
1314,1313,88
1315,1314,26
1316,1315,31
1317,1316,89
1318,1317,26
1319,1318,39
1320,1319,43
1321,1320,54
1322,1321,19
1323,1322,1
1324,1323,96
1325,1324,46
1326,1325,23
1327,1326,69
1328,1327,14
1329,1328,53
1330,1329,5
1331,1330,90
1332,1331,92
1333,1332,82
1334,1333,53
1335,1334,55
1336,1335,89
1337,1336,43
1338,1337,78
1339,1338,85
1340,1339,77
1341,1340,23
1342,1341,67
1343,1342,88
1344,1343,34
1345,1344,19
1346,1345,32
1347,1346,28
1348,1347,5
1349,1348,30
1350,1349,54
1351,1350,19
1352,1351,81
1353,1352,33
1354,1353,11
1355,1354,14
1356,1355,54
1357,1356,49
1358,1357,82
1359,1358,38
1360,1359,16
1361,1360,98
1362,1361,3
1363,1362,83
1364,1363,99
1365,1364,41
1366,1365,68
1367,1366,14
1368,1367,2
1369,1368,26
1370,1369,93
1371,1370,43
1372,1371,85
1373,1372,75
1374,1373,3
1375,1374,4
1376,1375,32
1377,1376,94
1378,1377,18
1379,1378,73
1380,1379,93
1381,1380,80
1382,1381,43
1383,1382,3
1384,1383,26
1385,1384,59
1386,1385,87
1387,1386,10
1388,1387,5
1389,1388,63
1390,1389,74
1391,1390,72
1392,1391,74
1393,1392,53
1394,1393,11
1395,1394,38
1396,1395,17
1397,1396,90
1398,1397,2
1399,1398,1
1400,1399,59
1401,1400,22
1402,1401,10
1403,1402,59
1404,1403,87
1405,1404,27
1406,1405,53
1407,1406,26
1408,1407,44
1409,1408,45
1410,1409,95
1411,1410,53
1412,1411,54
1413,1412,86
1414,1413,86
1415,1414,89
1416,1415,97
1417,1416,80
1418,1417,73
1419,1418,42
1420,1419,9
1421,1420,70
1422,1421,23
1423,1422,91
1424,1423,2
1425,1424,38
1426,1425,80
1427,1426,43
1428,1427,70
1429,1428,32
1430,1429,63
1431,1430,20
1432,1431,49
1433,1432,33
1434,1433,100
1435,1434,16
1436,1435,99
1437,1436,96
1438,1437,47
1439,1438,7
1440,1439,69
1441,1440,23
1442,1441,17
1443,1442,12
1444,1443,3
1445,1444,81
1446,1445,46
1447,1446,7
1448,1447,11
1449,1448,89
1450,1449,51
1451,1450,66
1452,1451,50
1453,1452,28
1454,1453,81
1455,1454,25
1456,1455,58
1457,1456,24
1458,1457,88
1459,1458,20
1460,1459,53
1461,1460,2
1462,1461,58
1463,1462,40
1464,1463,96
1465,1464,59
1466,1465,87
1467,1466,64
1468,1467,11
1469,1468,100
1470,1469,88
1471,1470,33
1472,1471,48
1473,1472,94
1474,1473,60
1475,1474,99
1476,1475,94
1477,1476,4
1478,1477,79
1479,1478,65
1480,1479,70
1481,1480,23
1482,1481,80
1483,1482,33
1484,1483,85
1485,1484,73
1486,1485,67
1487,1486,46
1488,1487,64
1489,1488,54
1490,1489,40
1491,1490,62
1492,1491,97
1493,1492,41
1494,1493,41
1495,1494,46
1496,1495,81
1497,1496,49
1498,1497,20
1499,1498,96
1500,1499,88
1501,1500,46
1502,1501,96
1503,1502,84
1504,1503,12
1505,1504,17
1506,1505,44
1507,1506,19
1508,1507,18
1509,1508,88
1510,1509,32
1511,1510,5
1512,1511,28
1513,1512,48
1514,1513,40
1515,1514,95
1516,1515,77
1517,1516,4
1518,1517,8
1519,1518,27
1520,1519,75
1521,1520,48
1522,1521,20
1523,1522,96
1524,1523,1
1525,1524,11
1526,1525,52
1527,1526,18
1528,1527,47
1529,1528,96
1530,1529,46
1531,1530,33
1532,1531,26
1533,1532,47
1534,1533,99
1535,1534,52
1536,1535,18
1537,1536,54
1538,1537,49
1539,1538,16
1540,1539,52
1541,1540,99
1542,1541,15
1543,1542,63
1544,1543,16
1545,1544,69
1546,1545,80
1547,1546,91
1548,1547,47
1549,1548,59
1550,1549,25
1551,1550,12
1552,1551,65
1553,1552,24
1554,1553,53
1555,1554,83
1556,1555,37
1557,1556,81
1558,1557,64
1559,1558,2
1560,1559,29
1561,1560,88
1562,1561,17
1563,1562,7
1564,1563,6
1565,1564,71
1566,1565,82
1567,1566,15
1568,1567,37
1569,1568,40
1570,1569,52
1571,1570,94
1572,1571,91
1573,1572,81
1574,1573,82
1575,1574,60
1576,1575,59
1577,1576,95
1578,1577,74
1579,1578,26
1580,1579,3
1581,1580,31
1582,1581,10
1583,1582,67
1584,1583,31
1585,1584,46
1586,1585,5
1587,1586,29
1588,1587,88
1589,1588,20
1590,1589,53
1591,1590,45
1592,1591,89
1593,1592,6
1594,1593,66
1595,1594,12
1596,1595,1
1597,1596,95
1598,1597,97
1599,1598,15
1600,1599,87
1601,1600,27
1602,1601,22
1603,1602,1
1604,1603,7
1605,1604,78
1606,1605,1
1607,1606,51
1608,1607,76
1609,1608,26
1610,1609,21
1611,1610,26
1612,1611,68
1613,1612,46
1614,1613,17
1615,1614,61
1616,1615,88
1617,1616,26
1618,1617,52
1619,1618,8
1620,1619,46
1621,1620,40
1622,1621,71
1623,1622,45
1624,1623,14
1625,1624,9
1626,1625,84
1627,1626,54
1628,1627,46
1629,1628,53
1630,1629,60
1631,1630,63
1632,1631,18
1633,1632,30
1634,1633,1
1635,1634,49
1636,1635,95
1637,1636,90
1638,1637,67
1639,1638,1
1640,1639,83
1641,1640,30
1642,1641,12
1643,1642,4
1644,1643,81
1645,1644,72
1646,1645,36
1647,1646,80
1648,1647,68
1649,1648,11
1650,1649,46
1651,1650,21
1652,1651,4
1653,1652,21
1654,1653,45
1655,1654,40
1656,1655,85
1657,1656,31
1658,1657,56
1659,1658,60
1660,1659,82
1661,1660,68
1662,1661,39
1663,1662,18
1664,1663,19
1665,1664,10
1666,1665,36
1667,1666,18
1668,1667,53
1669,1668,7
1670,1669,8
1671,1670,88
1672,1671,87
1673,1672,58
1674,1673,39
1675,1674,57
1676,1675,88
1677,1676,27
1678,1677,27
1679,1678,1
1680,1679,26
1681,1680,55
1682,1681,33
1683,1682,1
1684,1683,7
1685,1684,54
1686,1685,73
1687,1686,40
1688,1687,21
1689,1688,87
1690,1689,39
1691,1690,47
1692,1691,92
1693,1692,32
1694,1693,47
1695,1694,45
1696,1695,100
1697,1696,82
1698,1697,61
1699,1698,67
1700,1699,53
1701,1700,73
1702,1701,52
1703,1702,99
1704,1703,69
1705,1704,60
1706,1705,66
1707,1706,71
1708,1707,73
1709,1708,72
1710,1709,56
1711,1710,43
1712,1711,34
1713,1712,12
1714,1713,54
1715,1714,40
1716,1715,73
1717,1716,65
1718,1717,11
1719,1718,10
1720,1719,23
1721,1720,24
1722,1721,43
1723,1722,67
1724,1723,29
1725,1724,60
1726,1725,31
1727,1726,85
1728,1727,95
1729,1728,35
1730,1729,46
1731,1730,2
1732,1731,15
1733,1732,34
1734,1733,11
1735,1734,21
1736,1735,1
1737,1736,28
1738,1737,17
1739,1738,29
1740,1739,89
1741,1740,12
1742,1741,27
1743,1742,48
1744,1743,5
1745,1744,64
1746,1745,74
1747,1746,73
1748,1747,84
1749,1748,32
1750,1749,68
1751,1750,65
1752,1751,31
1753,1752,12
1754,1753,64
1755,1754,4
1756,1755,66
1757,1756,19
1758,1757,75
1759,1758,81
1760,1759,12
1761,1760,59
1762,1761,42
1763,1762,47
1764,1763,25
1765,1764,40
1766,1765,22
1767,1766,24
1768,1767,36
1769,1768,25
1770,1769,61
1771,1770,75
1772,1771,85
1773,1772,94
1774,1773,61
1775,1774,46
1776,1775,26
1777,1776,63
1778,1777,24
1779,1778,35
1780,1779,29
1781,1780,26
1782,1781,1
1783,1782,40
1784,1783,16
1785,1784,60
1786,1785,17
1787,1786,7
1788,1787,49
1789,1788,11
1790,1789,23
1791,1790,74
1792,1791,27
1793,1792,81
1794,1793,12
1795,1794,100
1796,1795,23
1797,1796,74
1798,1797,9
1799,1798,26
1800,1799,1
1801,1800,42
1802,1801,56
1803,1802,48
1804,1803,9
1805,1804,49
1806,1805,98
1807,1806,28
1808,1807,66
1809,1808,31
1810,1809,29
1811,1810,25
1812,1811,67
1813,1812,90
1814,1813,62
1815,1814,82
1816,1815,25
1817,1816,68
1818,1817,45
1819,1818,18
1820,1819,3
1821,1820,82
1822,1821,68
1823,1822,10
1824,1823,75
1825,1824,42
1826,1825,82
1827,1826,73
1828,1827,32
1829,1828,100
1830,1829,38
1831,1830,64
1832,1831,18
1833,1832,11
1834,1833,74
1835,1834,7
1836,1835,88
1837,1836,54
1838,1837,1
1839,1838,61
1840,1839,57
1841,1840,7
1842,1841,10
1843,1842,40
1844,1843,66
1845,1844,75
1846,1845,55
1847,1846,2
1848,1847,82
1849,1848,40
1850,1849,21
1851,1850,70
1852,1851,74
1853,1852,50
1854,1853,4
1855,1854,15
1856,1855,49
1857,1856,67
1858,1857,33
1859,1858,59
1860,1859,91
1861,1860,2
1862,1861,44
1863,1862,26
1864,1863,17
1865,1864,68
1866,1865,37
1867,1866,17
1868,1867,16
1869,1868,3
1870,1869,9
1871,1870,95
1872,1871,61
1873,1872,74
1874,1873,19
1875,1874,61
1876,1875,74
1877,1876,34
1878,1877,32
1879,1878,73
1880,1879,3
1881,1880,59
1882,1881,49
1883,1882,73
1884,1883,29
1885,1884,99
1886,1885,98
1887,1886,9
1888,1887,59
1889,1888,61
1890,1889,75
1891,1890,8
1892,1891,42
1893,1892,87
1894,1893,19
1895,1894,31
1896,1895,95
1897,1896,63
1898,1897,31
1899,1898,13
1900,1899,27
1901,1900,7
1902,1901,97
1903,1902,52
1904,1903,10
1905,1904,32
1906,1905,53
1907,1906,89
1908,1907,33
1909,1908,21
1910,1909,93
1911,1910,34
1912,1911,67
1913,1912,60
1914,1913,53
1915,1914,31
1916,1915,38
1917,1916,98
1918,1917,17
1919,1918,5
1920,1919,1
1921,1920,39
1922,1921,29
1923,1922,39
1924,1923,84
1925,1924,3
1926,1925,89
1927,1926,50
1928,1927,18
1929,1928,56
1930,1929,38
1931,1930,71
1932,1931,4
1933,1932,85
1934,1933,77
1935,1934,25
1936,1935,27
1937,1936,30
1938,1937,69
1939,1938,3
1940,1939,59
1941,1940,100
1942,1941,60
1943,1942,42
1944,1943,6
1945,1944,3
1946,1945,48
1947,1946,19
1948,1947,13
1949,1948,54
1950,1949,33
1951,1950,18
1952,1951,69
1953,1952,79
1954,1953,26
1955,1954,31
1956,1955,63
1957,1956,38
1958,1957,33
1959,1958,23
1960,1959,50
1961,1960,47
1962,1961,32
1963,1962,6
1964,1963,73
1965,1964,18
1966,1965,32
1967,1966,24
1968,1967,15
1969,1968,52
1970,1969,27
1971,1970,7
1972,1971,94
1973,1972,36
1974,1973,33
1975,1974,52
1976,1975,73
1977,1976,82
1978,1977,89
1979,1978,15
1980,1979,97
1981,1980,37
1982,1981,59
1983,1982,45
1984,1983,28
1985,1984,87
1986,1985,73
1987,1986,11
1988,1987,76
1989,1988,99
1990,1989,17
1991,1990,37
1992,1991,97
1993,1992,57
1994,1993,67
1995,1994,93
1996,1995,63
1997,1996,47
1998,1997,90
1999,1998,61
2000,1999,27
2001,2000,38
2002,2001,17
2003,2002,64
2004,2003,19
2005,2004,84
2006,2005,96
2007,2006,32
2008,2007,96
2009,2008,89
2010,2009,7
2011,2010,14
2012,2011,25
2013,2012,87
2014,2013,14
2015,2014,17
2016,2015,22
2017,2016,25
2018,2017,37
2019,2018,96
2020,2019,94
2021,2020,2
2022,2021,88
2023,2022,60
2024,2023,48
2025,2024,74
2026,2025,12
2027,2026,91
2028,2027,36
2029,2028,16
2030,2029,2
2031,2030,98
2032,2031,54
2033,2032,23
2034,2033,47
2035,2034,43
2036,2035,59
2037,2036,66
2038,2037,94
2039,2038,15
2040,2039,22
2041,2040,24
2042,2041,80
2043,2042,27
2044,2043,35
2045,2044,9
2046,2045,43
2047,2046,26
2048,2047,95
2049,2048,82
2050,2049,94
2051,2050,87
2052,2051,53
2053,2052,32
2054,2053,62
2055,2054,59
2056,2055,10
2057,2056,74
2058,2057,39
2059,2058,73
2060,2059,53
2061,2060,50
2062,2061,4
2063,2062,8
2064,2063,38
2065,2064,4
2066,2065,39
2067,2066,17
2068,2067,67
2069,2068,28
2070,2069,95
2071,2070,45
2072,2071,60
2073,2072,40
2074,2073,4
2075,2074,99
2076,2075,52
2077,2076,78
2078,2077,9
2079,2078,63
2080,2079,68
2081,2080,27
2082,2081,37
2083,2082,17
2084,2083,25
2085,2084,44
2086,2085,19
2087,2086,3
2088,2087,92
2089,2088,94
2090,2089,83
2091,2090,63
2092,2091,67
2093,2092,24
2094,2093,22
2095,2094,46
2096,2095,82
2097,2096,27
2098,2097,71
2099,2098,5
2100,2099,61
2101,2100,34
2102,2101,1
2103,2102,25
2104,2103,36
2105,2104,88
2106,2105,30
2107,2106,16
2108,2107,87
2109,2108,21
2110,2109,15
2111,2110,96
2112,2111,97
2113,2112,66
2114,2113,14
2115,2114,38
2116,2115,87
2117,2116,13
2118,2117,27
2119,2118,19
2120,2119,42
2121,2120,53
2122,2121,50
2123,2122,33
2124,2123,61
2125,2124,68
2126,2125,87
2127,2126,61
2128,2127,52
2129,2128,38
2130,2129,11
2131,2130,99
2132,2131,40
2133,2132,26
2134,2133,57
2135,2134,42
2136,2135,31
2137,2136,8
2138,2137,88
2139,2138,40
2140,2139,33
2141,2140,68
2142,2141,52
2143,2142,96
2144,2143,36
2145,2144,84
2146,2145,75
2147,2146,32
2148,2147,67
2149,2148,40
2150,2149,17
2151,2150,41
2152,2151,32
2153,2152,9
2154,2153,32
2155,2154,16
2156,2155,96
2157,2156,77
2158,2157,29
2159,2158,95
2160,2159,26
2161,2160,1
2162,2161,74
2163,2162,29
2164,2163,94
2165,2164,17
2166,2165,64
2167,2166,87
2168,2167,44
2169,2168,95
2170,2169,8
2171,2170,81
2172,2171,25
2173,2172,70
2174,2173,33
2175,2174,59
2176,2175,30
2177,2176,31
2178,2177,18
2179,2178,96
2180,2179,15
2181,2180,24
2182,2181,40
2183,2182,53
2184,2183,43
2185,2184,76
2186,2185,87
2187,2186,67
2188,2187,30
2189,2188,44
2190,2189,53
2191,2190,74
2192,2191,90
2193,2192,12
2194,2193,7
2195,2194,86
2196,2195,60
2197,2196,11
2198,2197,49
2199,2198,97
2200,2199,3
2201,2200,93
2202,2201,33
2203,2202,16
2204,2203,98
2205,2204,57
2206,2205,17
2207,2206,36
2208,2207,53
2209,2208,80
2210,2209,95
2211,2210,73
2212,2211,98
2213,2212,66
2214,2213,33
2215,2214,60
2216,2215,33
2217,2216,58
2218,2217,41
2219,2218,35
2220,2219,19
2221,2220,65
2222,2221,6
2223,2222,60
2224,2223,24
2225,2224,52
2226,2225,58
2227,2226,68
2228,2227,66
2229,2228,47
2230,2229,3
2231,2230,20
2232,2231,43
2233,2232,31
2234,2233,8
2235,2234,52
2236,2235,47
2237,2236,32
2238,2237,21
2239,2238,83
2240,2239,19
2241,2240,99
2242,2241,59
2243,2242,5
2244,2243,10
2245,2244,68
2246,2245,30
2247,2246,33
2248,2247,75
2249,2248,89
2250,2249,74
2251,2250,80
2252,2251,18
2253,2252,33
2254,2253,8
2255,2254,8
2256,2255,98
2257,2256,99
2258,2257,60
2259,2258,29
2260,2259,1
2261,2260,5
2262,2261,66
2263,2262,11
2264,2263,33
2265,2264,100
2266,2265,7
2267,2266,40
2268,2267,21
2269,2268,26
2270,2269,32
2271,2270,79
2272,2271,46
2273,2272,24
2274,2273,33
2275,2274,79
2276,2275,24
2277,2276,28
2278,2277,24
2279,2278,73
2280,2279,4
2281,2280,82
2282,2281,88
2283,2282,16
2284,2283,50
2285,2284,64
2286,2285,81
2287,2286,11
2288,2287,95
2289,2288,33
2290,2289,61
2291,2290,12
2292,2291,30
2293,2292,45
2294,2293,47
2295,2294,45
2296,2295,66
2297,2296,15
2298,2297,76
2299,2298,1
2300,2299,13
2301,2300,85
2302,2301,45
2303,2302,75
2304,2303,81
2305,2304,93
2306,2305,39
2307,2306,33
2308,2307,23
2309,2308,40
2310,2309,10
2311,2310,21
2312,2311,4
2313,2312,70
2314,2313,24
2315,2314,39
2316,2315,35
2317,2316,31
2318,2317,4
2319,2318,87
2320,2319,73
2321,2320,23
2322,2321,13
2323,2322,87
2324,2323,68
2325,2324,18
2326,2325,25
2327,2326,87
2328,2327,10
2329,2328,74
2330,2329,78
2331,2330,94
2332,2331,84
2333,2332,14
2334,2333,30
2335,2334,1
2336,2335,61
2337,2336,58
2338,2337,41
2339,2338,96
2340,2339,90
2341,2340,100
2342,2341,13
2343,2342,1
2344,2343,59
2345,2344,100
2346,2345,6
2347,2346,74
2348,2347,40
2349,2348,75
2350,2349,24
2351,2350,19
2352,2351,44
2353,2352,81
2354,2353,32
2355,2354,39
2356,2355,59
2357,2356,6
2358,2357,44
2359,2358,24
2360,2359,79
2361,2360,1
2362,2361,82
2363,2362,11
2364,2363,82
2365,2364,5
2366,2365,94
2367,2366,40
2368,2367,31
2369,2368,10
2370,2369,75
2371,2370,15
2372,2371,20
2373,2372,35
2374,2373,61
2375,2374,67
2376,2375,80
2377,2376,45
2378,2377,47
2379,2378,20
2380,2379,60
2381,2380,60
2382,2381,95
2383,2382,59
2384,2383,61
2385,2384,72
2386,2385,53
2387,2386,46
2388,2387,80
2389,2388,26
2390,2389,30
2391,2390,67
2392,2391,32
2393,2392,93
2394,2393,18
2395,2394,11
2396,2395,92
2397,2396,31
2398,2397,45
2399,2398,78
2400,2399,10
2401,2400,73
2402,2401,67
2403,2402,82
2404,2403,46
2405,2404,4
2406,2405,25
2407,2406,63
2408,2407,52
2409,2408,18
2410,2409,7
2411,2410,26
2412,2411,96
2413,2412,8
2414,2413,75
2415,2414,39
2416,2415,1
2417,2416,18
2418,2417,51
2419,2418,78
2420,2419,87
2421,2420,52
2422,2421,66
2423,2422,72
2424,2423,72
2425,2424,70
2426,2425,3
2427,2426,27
2428,2427,50
2429,2428,53
2430,2429,12
2431,2430,45
2432,2431,42
2433,2432,59
2434,2433,56
2435,2434,13
2436,2435,14
2437,2436,48
2438,2437,61
2439,2438,55
2440,2439,35
2441,2440,94
2442,2441,22
2443,2442,5
2444,2443,29
2445,2444,68
2446,2445,96
2447,2446,50
2448,2447,54
2449,2448,27
2450,2449,19
2451,2450,58
2452,2451,62
2453,2452,59
2454,2453,1
2455,2454,12
2456,2455,48
2457,2456,60
2458,2457,41
2459,2458,58
2460,2459,89
2461,2460,46
2462,2461,2
2463,2462,67
2464,2463,16
2465,2464,4
2466,2465,28
2467,2466,66
2468,2467,40
2469,2468,60
2470,2469,61
2471,2470,45
2472,2471,79
2473,2472,39
2474,2473,51
2475,2474,29
2476,2475,23
2477,2476,75
2478,2477,27
2479,2478,98
2480,2479,58
2481,2480,95
2482,2481,3
2483,2482,53
2484,2483,85
2485,2484,19
2486,2485,28
2487,2486,26
2488,2487,12
2489,2488,96
2490,2489,74
2491,2490,47
2492,2491,96
2493,2492,82
2494,2493,76
2495,2494,3
2496,2495,12
2497,2496,67
2498,2497,11
2499,2498,27
2500,2499,46
2501,2500,10
2502,2501,77
2503,2502,20
2504,2503,37
2505,2504,20
2506,2505,24
2507,2506,75
2508,2507,66
2509,2508,38
2510,2509,54
2511,2510,9
2512,2511,10
2513,2512,30
2514,2513,11
2515,2514,16
2516,2515,61
2517,2516,81
2518,2517,17
2519,2518,77
2520,2519,91
2521,2520,11
2522,2521,58
2523,2522,9
2524,2523,53
2525,2524,7
2526,2525,29
2527,2526,26
2528,2527,89
2529,2528,53
2530,2529,64
2531,2530,3
2532,2531,40
2533,2532,38
2534,2533,41
2535,2534,41
2536,2535,88
2537,2536,68
2538,2537,94
2539,2538,65
2540,2539,59
2541,2540,59
2542,2541,53
2543,2542,45
2544,2543,95
2545,2544,61
2546,2545,33
2547,2546,31
2548,2547,31
2549,2548,94
2550,2549,97
2551,2550,5
2552,2551,20
2553,2552,53
2554,2553,11
2555,2554,3
2556,2555,59
2557,2556,71
2558,2557,74
2559,2558,83
2560,2559,78
2561,2560,12
2562,2561,16
2563,2562,88
2564,2563,80
2565,2564,88
2566,2565,33
2567,2566,1
2568,2567,9
2569,2568,89
2570,2569,29
2571,2570,21
2572,2571,12
2573,2572,21
2574,2573,45
2575,2574,12
2576,2575,10
2577,2576,4
2578,2577,75
2579,2578,41
2580,2579,81
2581,2580,31
2582,2581,10
2583,2582,73
2584,2583,19
2585,2584,27
2586,2585,98
2587,2586,67
2588,2587,37
2589,2588,40
2590,2589,32
2591,2590,53
2592,2591,9
2593,2592,19
2594,2593,87
2595,2594,31
2596,2595,38
2597,2596,64
2598,2597,2
2599,2598,45
2600,2599,10
2601,2600,2
2602,2601,10
2603,2602,51
2604,2603,10
2605,2604,12
2606,2605,10
2607,2606,89
2608,2607,52
2609,2608,75
2610,2609,72
2611,2610,89
2612,2611,71
2613,2612,59
2614,2613,96
2615,2614,58
2616,2615,53
2617,2616,48
2618,2617,59
2619,2618,11
2620,2619,1
2621,2620,79
2622,2621,87
2623,2622,46
2624,2623,16
2625,2624,47
2626,2625,33
2627,2626,43
2628,2627,26
2629,2628,92
2630,2629,59
2631,2630,79
2632,2631,19
2633,2632,23
2634,2633,87
2635,2634,59
2636,2635,76
2637,2636,1
2638,2637,30
2639,2638,94
2640,2639,12
2641,2640,8
2642,2641,63
2643,2642,68
2644,2643,85
2645,2644,11
2646,2645,42
2647,2646,37
2648,2647,59
2649,2648,33
2650,2649,14
2651,2650,3
2652,2651,2
2653,2652,11
2654,2653,33
2655,2654,93
2656,2655,6
2657,2656,81
2658,2657,24
2659,2658,40
2660,2659,31
2661,2660,25
2662,2661,16
2663,2662,44
2664,2663,24
2665,2664,57
2666,2665,80
2667,2666,24
2668,2667,85
2669,2668,29
2670,2669,19
2671,2670,25
2672,2671,41
2673,2672,65
2674,2673,83
2675,2674,18
2676,2675,100
2677,2676,27
2678,2677,50
2679,2678,44
2680,2679,17
2681,2680,67
2682,2681,89
2683,2682,81
2684,2683,75
2685,2684,51
2686,2685,67
2687,2686,37
2688,2687,40
2689,2688,97
2690,2689,48
2691,2690,12
2692,2691,11
2693,2692,58
2694,2693,28
2695,2694,90
2696,2695,47
2697,2696,56
2698,2697,19
2699,2698,55
2700,2699,60
2701,2700,31
2702,2701,31
2703,2702,89
2704,2703,87
2705,2704,68
2706,2705,26
2707,2706,12
2708,2707,99
2709,2708,60
2710,2709,68
2711,2710,2
2712,2711,79
2713,2712,20
2714,2713,94
2715,2714,15
2716,2715,82
2717,2716,88
2718,2717,6
2719,2718,71
2720,2719,11
2721,2720,51
2722,2721,5
2723,2722,52
2724,2723,59
2725,2724,96
2726,2725,52
2727,2726,76
2728,2727,38
2729,2728,5
2730,2729,52
2731,2730,54
2732,2731,88
2733,2732,24
2734,2733,25
2735,2734,39
2736,2735,28
2737,2736,36
2738,2737,73
2739,2738,96
2740,2739,51
2741,2740,5
2742,2741,34
2743,2742,96
2744,2743,26
2745,2744,68
2746,2745,54
2747,2746,67
2748,2747,58
2749,2748,53
2750,2749,31
2751,2750,9
2752,2751,100
2753,2752,98
2754,2753,85
2755,2754,70
2756,2755,96
2757,2756,67
2758,2757,67
2759,2758,31
2760,2759,92
2761,2760,64
2762,2761,4
2763,2762,88
2764,2763,31
2765,2764,83
2766,2765,29
2767,2766,67
2768,2767,95
2769,2768,28
2770,2769,74
2771,2770,28
2772,2771,38
2773,2772,91
2774,2773,8
2775,2774,96
2776,2775,5
2777,2776,22
2778,2777,16
2779,2778,59
2780,2779,19
2781,2780,25
2782,2781,88
2783,2782,81
2784,2783,34
2785,2784,74
2786,2785,68
2787,2786,2
2788,2787,40
2789,2788,72
2790,2789,87
2791,2790,44
2792,2791,26
2793,2792,25
2794,2793,47
2795,2794,40
2796,2795,48
2797,2796,83
2798,2797,61
2799,2798,88
2800,2799,1
2801,2800,67
2802,2801,47
2803,2802,62
2804,2803,1
2805,2804,3
2806,2805,18
2807,2806,40
2808,2807,51
2809,2808,59
2810,2809,29
2811,2810,34
2812,2811,24
2813,2812,47
2814,2813,73
2815,2814,9
2816,2815,20
2817,2816,62
2818,2817,82
2819,2818,82
2820,2819,84
2821,2820,8
2822,2821,81
2823,2822,88
2824,2823,15
2825,2824,32
2826,2825,49
2827,2826,46
2828,2827,39
2829,2828,24
2830,2829,67
2831,2830,41
2832,2831,33
2833,2832,33
2834,2833,45
2835,2834,84
2836,2835,19
2837,2836,85
2838,2837,89
2839,2838,54
2840,2839,3
2841,2840,77
2842,2841,17
2843,2842,45
2844,2843,12
2845,2844,20
2846,2845,10
2847,2846,11
2848,2847,36
2849,2848,60
2850,2849,19
2851,2850,53
2852,2851,61
2853,2852,47
2854,2853,11
2855,2854,74
2856,2855,16
2857,2856,29
2858,2857,60
2859,2858,88
2860,2859,81
2861,2860,56
2862,2861,59
2863,2862,66
2864,2863,10
2865,2864,60
2866,2865,68
2867,2866,3
2868,2867,38
2869,2868,3
2870,2869,18
2871,2870,83
2872,2871,4
2873,2872,61
2874,2873,74
2875,2874,85
2876,2875,16
2877,2876,3
2878,2877,53
2879,2878,59
2880,2879,38
2881,2880,18
2882,2881,100
2883,2882,31
2884,2883,74
2885,2884,19
2886,2885,18
2887,2886,89
2888,2887,60
2889,2888,22
2890,2889,17
2891,2890,87
2892,2891,3
2893,2892,32
2894,2893,13
2895,2894,82
2896,2895,89
2897,2896,16
2898,2897,47
2899,2898,86
2900,2899,73
2901,2900,1
2902,2901,94
2903,2902,1
2904,2903,80
2905,2904,43
2906,2905,89
2907,2906,89
2908,2907,5
2909,2908,13
2910,2909,82
2911,2910,59
2912,2911,17
2913,2912,4
2914,2913,47
2915,2914,77
2916,2915,17
2917,2916,32
2918,2917,40
2919,2918,39
2920,2919,88
2921,2920,81
2922,2921,82
2923,2922,13
2924,2923,53
2925,2924,99
2926,2925,96
2927,2926,1
2928,2927,81
2929,2928,72
2930,2929,11
2931,2930,74
2932,2931,17
2933,2932,54
2934,2933,45
2935,2934,20
2936,2935,70
2937,2936,82
2938,2937,58
2939,2938,33
2940,2939,13
2941,2940,95
2942,2941,95
2943,2942,75
2944,2943,66
2945,2944,2
2946,2945,3
2947,2946,96
2948,2947,47
2949,2948,12
2950,2949,24
2951,2950,34
2952,2951,28
2953,2952,47
2954,2953,61
2955,2954,48
2956,2955,24
2957,2956,26
2958,2957,28
2959,2958,4
2960,2959,45
2961,2960,9
2962,2961,42
2963,2962,27
2964,2963,86
2965,2964,11
2966,2965,83
2967,2966,29
2968,2967,17
2969,2968,43
2970,2969,79
2971,2970,10
2972,2971,29
2973,2972,40
2974,2973,38
2975,2974,54
2976,2975,53
2977,2976,62
2978,2977,15
2979,2978,39
2980,2979,32
2981,2980,93
2982,2981,47
2983,2982,38
2984,2983,32
2985,2984,78
2986,2985,75
2987,2986,1
2988,2987,61
2989,2988,99
2990,2989,36
2991,2990,2
2992,2991,96
2993,2992,8
2994,2993,2
2995,2994,27
2996,2995,46
2997,2996,78
2998,2997,34
2999,2998,42
3000,2999,98
3001,3000,31
3002,3001,63
3003,3002,13
3004,3003,13
3005,3004,7
3006,3005,94
3007,3006,18
3008,3007,37
3009,3008,35
3010,3009,82
3011,3010,23
3012,3011,12
3013,3012,81
3014,3013,44
3015,3014,68
3016,3015,32
3017,3016,45
3018,3017,25
3019,3018,73
3020,3019,26
3021,3020,89
3022,3021,40
3023,3022,74
3024,3023,36
3025,3024,67
3026,3025,81
3027,3026,96
3028,3027,75
3029,3028,39
3030,3029,58
3031,3030,94
3032,3031,33
3033,3032,60
3034,3033,73
3035,3034,82
3036,3035,67
3037,3036,39
3038,3037,94
3039,3038,60
3040,3039,39
3041,3040,84
3042,3041,67
3043,3042,100
3044,3043,73
3045,3044,47
3046,3045,12
3047,3046,5
3048,3047,75
3049,3048,17
3050,3049,22
3051,3050,60
3052,3051,96
3053,3052,14
3054,3053,77
3055,3054,75
3056,3055,17
3057,3056,69
3058,3057,4
3059,3058,23
3060,3059,24
3061,3060,4
3062,3061,47
3063,3062,68
3064,3063,25
3065,3064,73
3066,3065,97
3067,3066,28
3068,3067,52
3069,3068,27
3070,3069,3
3071,3070,41
3072,3071,19
3073,3072,93
3074,3073,46
3075,3074,80
3076,3075,49
3077,3076,26
3078,3077,14
3079,3078,61
3080,3079,4
3081,3080,88
3082,3081,14
3083,3082,55
3084,3083,1
3085,3084,45
3086,3085,54
3087,3086,93
3088,3087,96
3089,3088,52
3090,3089,60
3091,3090,65
3092,3091,96
3093,3092,74
3094,3093,12
3095,3094,27
3096,3095,52
3097,3096,76
3098,3097,73
3099,3098,86
3100,3099,96
3101,3100,84
3102,3101,89
3103,3102,87
3104,3103,95
3105,3104,3
3106,3105,19
3107,3106,35
3108,3107,35
3109,3108,91
3110,3109,17
3111,3110,10
3112,3111,73
3113,3112,44
3114,3113,25
3115,3114,27
3116,3115,85
3117,3116,35
3118,3117,32
3119,3118,82
3120,3119,18
3121,3120,14
3122,3121,47
3123,3122,97
3124,3123,77
3125,3124,46
3126,3125,14
3127,3126,16
3128,3127,2
3129,3128,68
3130,3129,54
3131,3130,2
3132,3131,39
3133,3132,7
3134,3133,94
3135,3134,88
3136,3135,99
3137,3136,4
3138,3137,39
3139,3138,23
3140,3139,89
3141,3140,9
3142,3141,31
3143,3142,41
3144,3143,97
3145,3144,96
3146,3145,27
3147,3146,52
3148,3147,9
3149,3148,38
3150,3149,47
3151,3150,65
3152,3151,1
3153,3152,39
3154,3153,26
3155,3154,44
3156,3155,51
3157,3156,74
3158,3157,79
3159,3158,38
3160,3159,81
3161,3160,74
3162,3161,100
3163,3162,89
3164,3163,63
3165,3164,80
3166,3165,26
3167,3166,44
3168,3167,45
3169,3168,52
3170,3169,61
3171,3170,78
3172,3171,71
3173,3172,39
3174,3173,90
3175,3174,39
3176,3175,81
3177,3176,28
3178,3177,7
3179,3178,17
3180,3179,94
3181,3180,26
3182,3181,46
3183,3182,12
3184,3183,9
3185,3184,80
3186,3185,45
3187,3186,78
3188,3187,47
3189,3188,12
3190,3189,47
3191,3190,39
3192,3191,1
3193,3192,26
3194,3193,54
3195,3194,66
3196,3195,1
3197,3196,43
3198,3197,54
3199,3198,46
3200,3199,64
3201,3200,26
3202,3201,92
3203,3202,40
3204,3203,100
3205,3204,99
3206,3205,41
3207,3206,55
3208,3207,82
3209,3208,52
3210,3209,56
3211,3210,25
3212,3211,28
3213,3212,88
3214,3213,28
3215,3214,82
3216,3215,83
3217,3216,27
3218,3217,88
3219,3218,1
3220,3219,55
3221,3220,59
3222,3221,14
3223,3222,89
3224,3223,25
3225,3224,47
3226,3225,46
3227,3226,93
3228,3227,80
3229,3228,66
3230,3229,38
3231,3230,52
3232,3231,33
3233,3232,75
3234,3233,18
3235,3234,73
3236,3235,24
3237,3236,53
3238,3237,25
3239,3238,89
3240,3239,1
3241,3240,31
3242,3241,80
3243,3242,25
3244,3243,45
3245,3244,14
3246,3245,51
3247,3246,87
3248,3247,1
3249,3248,78
3250,3249,11
3251,3250,19
3252,3251,38
3253,3252,83
3254,3253,73
3255,3254,94
3256,3255,1
3257,3256,59
3258,3257,1
3259,3258,6
3260,3259,95
3261,3260,46
3262,3261,38
3263,3262,11
3264,3263,45
3265,3264,59
3266,3265,70
3267,3266,61
3268,3267,24
3269,3268,38
3270,3269,18
3271,3270,59
3272,3271,26
3273,3272,73
3274,3273,77
3275,3274,85
3276,3275,59
3277,3276,38
3278,3277,90
3279,3278,31
3280,3279,81
3281,3280,88
3282,3281,63
3283,3282,55
3284,3283,18
3285,3284,21
3286,3285,76
3287,3286,74
3288,3287,29
3289,3288,10
3290,3289,29
3291,3290,46
3292,3291,90
3293,3292,32
3294,3293,20
3295,3294,4
3296,3295,84
3297,3296,57
3298,3297,15
3299,3298,12
3300,3299,49
3301,3300,93
3302,3301,9
3303,3302,54
3304,3303,52
3305,3304,61
3306,3305,14
3307,3306,57
3308,3307,50
3309,3308,22
3310,3309,10
3311,3310,27
3312,3311,36
3313,3312,10
3314,3313,77
3315,3314,66
3316,3315,1
3317,3316,51
3318,3317,66
3319,3318,55
3320,3319,20
3321,3320,5
3322,3321,96
3323,3322,60
3324,3323,26
3325,3324,29
3326,3325,43
3327,3326,89
3328,3327,37
3329,3328,89
3330,3329,1
3331,3330,63
3332,3331,17
3333,3332,65
3334,3333,31
3335,3334,15
3336,3335,20
3337,3336,96
3338,3337,1
3339,3338,38
3340,3339,52
3341,3340,33
3342,3341,10
3343,3342,37
3344,3343,15
3345,3344,4
3346,3345,49
3347,3346,96
3348,3347,58
3349,3348,17
3350,3349,3
3351,3350,34
3352,3351,67
3353,3352,94
3354,3353,5
3355,3354,16
3356,3355,8
3357,3356,5
3358,3357,29
3359,3358,53
3360,3359,68
3361,3360,40
3362,3361,21
3363,3362,61
3364,3363,20
3365,3364,4
3366,3365,95
3367,3366,15
3368,3367,38
3369,3368,98
3370,3369,43
3371,3370,17
3372,3371,12
3373,3372,55
3374,3373,33
3375,3374,15
3376,3375,17
3377,3376,39
3378,3377,57
3379,3378,40
3380,3379,20
3381,3380,39
3382,3381,1
3383,3382,93
3384,3383,3
3385,3384,91
3386,3385,86
3387,3386,3
3388,3387,1
3389,3388,98
3390,3389,19
3391,3390,65
3392,3391,52
3393,3392,96
3394,3393,47
3395,3394,59
3396,3395,100
3397,3396,96
3398,3397,15
3399,3398,34
3400,3399,44
3401,3400,4
3402,3401,5
3403,3402,72
3404,3403,1
3405,3404,31
3406,3405,51
3407,3406,67
3408,3407,7
3409,3408,25
3410,3409,70
3411,3410,67
3412,3411,29
3413,3412,97
3414,3413,68
3415,3414,40
3416,3415,80
3417,3416,7
3418,3417,46
3419,3418,64
3420,3419,38
3421,3420,41
3422,3421,46
3423,3422,48
3424,3423,72
3425,3424,53
3426,3425,6
3427,3426,80
3428,3427,53
3429,3428,9
3430,3429,17
3431,3430,2
3432,3431,14
3433,3432,6
3434,3433,98
3435,3434,35
3436,3435,87
3437,3436,98
3438,3437,90
3439,3438,45
3440,3439,88
3441,3440,88
3442,3441,39
3443,3442,10
3444,3443,83
3445,3444,66
3446,3445,77
3447,3446,44
3448,3447,52
3449,3448,48
3450,3449,51
3451,3450,5
3452,3451,66
3453,3452,38
3454,3453,19
3455,3454,12
3456,3455,66
3457,3456,54
3458,3457,92
3459,3458,52
3460,3459,52
3461,3460,94
3462,3461,52
3463,3462,87
3464,3463,30
3465,3464,6
3466,3465,24
3467,3466,34
3468,3467,6
3469,3468,39
3470,3469,32
3471,3470,75
3472,3471,46
3473,3472,24
3474,3473,47
3475,3474,49
3476,3475,74
3477,3476,40
3478,3477,46
3479,3478,38
3480,3479,87
3481,3480,32
3482,3481,12
3483,3482,34
3484,3483,75
3485,3484,52
3486,3485,1
3487,3486,37
3488,3487,83
3489,3488,78
3490,3489,85
3491,3490,25
3492,3491,64
3493,3492,25
3494,3493,28
3495,3494,97
3496,3495,12
3497,3496,86
3498,3497,67
3499,3498,79
3500,3499,10
3501,3500,14
3502,3501,13
3503,3502,81
3504,3503,74
3505,3504,25
3506,3505,33
3507,3506,4
3508,3507,64
3509,3508,40
3510,3509,63
3511,3510,24
3512,3511,96
3513,3512,12
3514,3513,87
3515,3514,59
3516,3515,24
3517,3516,80
3518,3517,28
3519,3518,10
3520,3519,62
3521,3520,70
3522,3521,36
3523,3522,65
3524,3523,25
3525,3524,8
3526,3525,34
3527,3526,90
3528,3527,55
3529,3528,28
3530,3529,52
3531,3530,89
3532,3531,94
3533,3532,39
3534,3533,18
3535,3534,38
3536,3535,28
3537,3536,17
3538,3537,96
3539,3538,13
3540,3539,93
3541,3540,23
3542,3541,40
3543,3542,45
3544,3543,75
3545,3544,57
3546,3545,76
3547,3546,58
3548,3547,89
3549,3548,84
3550,3549,12
3551,3550,29
3552,3551,4
3553,3552,62
3554,3553,47
3555,3554,13
3556,3555,75
3557,3556,95
3558,3557,60
3559,3558,27
3560,3559,54
3561,3560,17
3562,3561,78
3563,3562,47
3564,3563,36
3565,3564,40
3566,3565,22
3567,3566,38
3568,3567,29
3569,3568,59
3570,3569,33
3571,3570,100
3572,3571,21
3573,3572,60
3574,3573,14
3575,3574,71
3576,3575,97
3577,3576,61
3578,3577,66
3579,3578,82
3580,3579,93
3581,3580,32
3582,3581,53
3583,3582,8
3584,3583,49
3585,3584,26
3586,3585,72
3587,3586,4
3588,3587,5
3589,3588,87
3590,3589,1
3591,3590,82
3592,3591,59
3593,3592,8
3594,3593,42
3595,3594,81
3596,3595,18
3597,3596,31
3598,3597,80
3599,3598,1
3600,3599,5
3601,3600,54
3602,3601,84
3603,3602,8
3604,3603,94
3605,3604,53
3606,3605,39
3607,3606,9
3608,3607,1
3609,3608,63
3610,3609,94
3611,3610,24
3612,3611,88
3613,3612,47
3614,3613,82
3615,3614,5
3616,3615,18
3617,3616,83
3618,3617,84
3619,3618,47
3620,3619,32
3621,3620,61
3622,3621,18
3623,3622,24
3624,3623,17
3625,3624,77
3626,3625,81
3627,3626,43
3628,3627,39
3629,3628,28
3630,3629,5
3631,3630,61
3632,3631,35
3633,3632,67
3634,3633,66
3635,3634,63
3636,3635,30
3637,3636,59
3638,3637,95
3639,3638,87
3640,3639,17
3641,3640,77
3642,3641,76
3643,3642,19
3644,3643,66
3645,3644,89
3646,3645,87
3647,3646,19
3648,3647,47
3649,3648,3
3650,3649,73
3651,3650,38
3652,3651,24
3653,3652,28
3654,3653,61
3655,3654,39
3656,3655,31
3657,3656,75
3658,3657,22
3659,3658,45
3660,3659,82
3661,3660,36
3662,3661,2
3663,3662,48
3664,3663,33
3665,3664,94
3666,3665,25
3667,3666,40
3668,3667,23
3669,3668,81
3670,3669,76
3671,3670,25
3672,3671,26
3673,3672,88
3674,3673,33
3675,3674,23
3676,3675,51
3677,3676,87
3678,3677,89
3679,3678,14
3680,3679,21
3681,3680,90
3682,3681,17
3683,3682,57
3684,3683,16
3685,3684,42
3686,3685,75
3687,3686,58
3688,3687,85
3689,3688,43
3690,3689,45
3691,3690,18
3692,3691,18
3693,3692,69
3694,3693,46
3695,3694,89
3696,3695,68
3697,3696,24
3698,3697,74
3699,3698,53
3700,3699,19
3701,3700,24
3702,3701,50
3703,3702,46
3704,3703,4
3705,3704,66
3706,3705,33
3707,3706,75
3708,3707,16
3709,3708,16
3710,3709,30
3711,3710,69
3712,3711,76
3713,3712,5
3714,3713,54
3715,3714,44
3716,3715,66
3717,3716,32
3718,3717,84
3719,3718,53
3720,3719,29
3721,3720,84
3722,3721,62
3723,3722,66
3724,3723,60
3725,3724,32
3726,3725,11
3727,3726,27
3728,3727,57
3729,3728,53
3730,3729,99
3731,3730,5
3732,3731,36
3733,3732,4
3734,3733,85
3735,3734,1
3736,3735,81
3737,3736,6
3738,3737,38
3739,3738,80
3740,3739,90
3741,3740,24
3742,3741,94
3743,3742,27
3744,3743,80
3745,3744,60
3746,3745,25
3747,3746,17
3748,3747,54
3749,3748,80
3750,3749,89
3751,3750,15
3752,3751,53
3753,3752,36
3754,3753,21
3755,3754,87
3756,3755,22
3757,3756,82
3758,3757,11
3759,3758,11
3760,3759,53
3761,3760,95
3762,3761,22
3763,3762,54
3764,3763,46
3765,3764,78
3766,3765,62
3767,3766,11
3768,3767,35
3769,3768,85
3770,3769,3
3771,3770,1
3772,3771,40
3773,3772,4
3774,3773,17
3775,3774,22
3776,3775,20
3777,3776,95
3778,3777,16
3779,3778,32
3780,3779,18
3781,3780,64
3782,3781,58
3783,3782,54
3784,3783,46
3785,3784,88
3786,3785,82
3787,3786,19
3788,3787,10
3789,3788,73
3790,3789,11
3791,3790,82
3792,3791,43
3793,3792,77
3794,3793,43
3795,3794,47
3796,3795,86
3797,3796,86
3798,3797,13
3799,3798,89
3800,3799,4
3801,3800,19
3802,3801,23
3803,3802,36
3804,3803,60
3805,3804,79
3806,3805,27
3807,3806,55
3808,3807,8
3809,3808,33
3810,3809,45
3811,3810,45
3812,3811,7
3813,3812,31
3814,3813,75
3815,3814,97
3816,3815,70
3817,3816,35
3818,3817,80
3819,3818,80
3820,3819,91
3821,3820,59
3822,3821,36
3823,3822,40
3824,3823,10
3825,3824,72
3826,3825,99
3827,3826,60
3828,3827,34
3829,3828,87
3830,3829,68
3831,3830,8
3832,3831,4
3833,3832,53
3834,3833,38
3835,3834,3
3836,3835,66
3837,3836,41
3838,3837,18
3839,3838,63
3840,3839,19
3841,3840,35
3842,3841,82
3843,3842,27
3844,3843,40
3845,3844,85
3846,3845,42
3847,3846,80
3848,3847,89
3849,3848,24
3850,3849,61
3851,3850,56
3852,3851,32
3853,3852,34
3854,3853,38
3855,3854,100
3856,3855,74
3857,3856,90
3858,3857,69
3859,3858,10
3860,3859,95
3861,3860,98
3862,3861,69
3863,3862,41
3864,3863,17
3865,3864,76
3866,3865,89
3867,3866,10
3868,3867,49
3869,3868,75
3870,3869,9
3871,3870,29
3872,3871,2
3873,3872,16
3874,3873,2
3875,3874,34
3876,3875,1
3877,3876,28
3878,3877,40
3879,3878,91
3880,3879,32
3881,3880,6
3882,3881,12
3883,3882,81
3884,3883,14
3885,3884,58
3886,3885,9
3887,3886,63
3888,3887,15
3889,3888,30
3890,3889,55
3891,3890,68
3892,3891,1
3893,3892,96
3894,3893,2
3895,3894,100
3896,3895,1
3897,3896,20
3898,3897,38
3899,3898,60
3900,3899,60
3901,3900,49
3902,3901,87
3903,3902,45
3904,3903,6
3905,3904,94
3906,3905,61
3907,3906,64
3908,3907,19
3909,3908,92
3910,3909,3
3911,3910,49
3912,3911,61
3913,3912,5
3914,3913,99
3915,3914,68
3916,3915,94
3917,3916,46
3918,3917,33
3919,3918,60
3920,3919,15
3921,3920,90
3922,3921,58
3923,3922,51
3924,3923,95
3925,3924,45
3926,3925,11
3927,3926,39
3928,3927,61
3929,3928,37
3930,3929,38
3931,3930,32
3932,3931,1
3933,3932,90
3934,3933,4
3935,3934,42
3936,3935,94
3937,3936,54
3938,3937,55
3939,3938,20
3940,3939,7
3941,3940,12
3942,3941,45
3943,3942,10
3944,3943,47
3945,3944,1
3946,3945,65
3947,3946,29
3948,3947,25
3949,3948,59
3950,3949,39
3951,3950,32
3952,3951,16
3953,3952,31
3954,3953,68
3955,3954,23
3956,3955,5
3957,3956,77
3958,3957,55
3959,3958,2
3960,3959,37
3961,3960,15
3962,3961,97
3963,3962,81
3964,3963,14
3965,3964,18
3966,3965,97
3967,3966,42
3968,3967,33
3969,3968,7
3970,3969,51
3971,3970,82
3972,3971,88
3973,3972,80
3974,3973,29
3975,3974,17
3976,3975,9
3977,3976,43
3978,3977,9
3979,3978,5
3980,3979,80
3981,3980,45
3982,3981,84
3983,3982,7
3984,3983,24
3985,3984,47
3986,3985,65
3987,3986,50
3988,3987,4
3989,3988,21
3990,3989,89
3991,3990,89
3992,3991,97
3993,3992,46
3994,3993,10
3995,3994,26
3996,3995,37
3997,3996,92
3998,3997,16
3999,3998,17
4000,3999,60
4001,4000,68
4002,4001,25
4003,4002,39
4004,4003,20
4005,4004,52
4006,4005,73
4007,4006,4
4008,4007,80
4009,4008,64
4010,4009,33
4011,4010,39
4012,4011,95
4013,4012,49
4014,4013,52
4015,4014,67
4016,4015,1
4017,4016,99
4018,4017,22
4019,4018,7
4020,4019,73
4021,4020,8
4022,4021,51
4023,4022,77
4024,4023,33
4025,4024,75
4026,4025,88
4027,4026,88
4028,4027,74
4029,4028,67
4030,4029,68
4031,4030,54
4032,4031,34
4033,4032,45
4034,4033,56
4035,4034,88
4036,4035,5
4037,4036,1
4038,4037,59
4039,4038,65
4040,4039,81
4041,4040,11
4042,4041,47
4043,4042,44
4044,4043,20
4045,4044,21
4046,4045,96
4047,4046,95
4048,4047,89
4049,4048,83
4050,4049,60
4051,4050,11
4052,4051,13
4053,4052,61
4054,4053,5
4055,4054,51
4056,4055,86
4057,4056,68
4058,4057,96
4059,4058,48
4060,4059,32
4061,4060,76
4062,4061,21
4063,4062,75
4064,4063,66
4065,4064,85
4066,4065,75
4067,4066,87
4068,4067,24
4069,4068,3
4070,4069,53
4071,4070,48
4072,4071,52
4073,4072,25
4074,4073,44
4075,4074,26
4076,4075,46
4077,4076,80
4078,4077,66
4079,4078,50
4080,4079,38
4081,4080,52
4082,4081,44
4083,4082,96
4084,4083,26
4085,4084,11
4086,4085,44
4087,4086,26
4088,4087,30
4089,4088,24
4090,4089,66
4091,4090,5
4092,4091,73
4093,4092,73
4094,4093,12
4095,4094,29
4096,4095,76
4097,4096,73
4098,4097,81
4099,4098,5
4100,4099,68
4101,4100,39
4102,4101,3
4103,4102,9
4104,4103,59
4105,4104,75
4106,4105,4
4107,4106,67
4108,4107,95
4109,4108,68
4110,4109,51
4111,4110,11
4112,4111,31
4113,4112,2
4114,4113,52
4115,4114,29
4116,4115,87
4117,4116,17
4118,4117,63
4119,4118,14
4120,4119,8
4121,4120,12
4122,4121,26
4123,4122,44
4124,4123,42
4125,4124,94
4126,4125,68
4127,4126,94
4128,4127,1
4129,4128,22
4130,4129,70
4131,4130,14
4132,4131,69
4133,4132,91
4134,4133,12
4135,4134,95
4136,4135,96
4137,4136,32
4138,4137,68
4139,4138,27
4140,4139,46
4141,4140,33
4142,4141,45
4143,4142,81
4144,4143,14
4145,4144,21
4146,4145,96
4147,4146,19
4148,4147,17
4149,4148,41
4150,4149,39
4151,4150,33
4152,4151,68
4153,4152,51
4154,4153,32
4155,4154,19
4156,4155,1
4157,4156,94
4158,4157,42
4159,4158,28
4160,4159,4
4161,4160,66
4162,4161,32
4163,4162,61
4164,4163,47
4165,4164,90
4166,4165,87
4167,4166,76
4168,4167,93
4169,4168,61
4170,4169,71
4171,4170,13
4172,4171,57
4173,4172,80
4174,4173,72
4175,4174,31
4176,4175,32
4177,4176,38
4178,4177,42
4179,4178,19
4180,4179,80
4181,4180,2
4182,4181,24
4183,4182,47
4184,4183,40
4185,4184,61
4186,4185,14
4187,4186,14
4188,4187,97
4189,4188,10
4190,4189,48
4191,4190,33
4192,4191,1
4193,4192,62
4194,4193,81
4195,4194,56
4196,4195,31
4197,4196,24
4198,4197,39
4199,4198,12
4200,4199,87
4201,4200,55
4202,4201,66
4203,4202,45
4204,4203,17
4205,4204,24
4206,4205,95
4207,4206,68
4208,4207,27
4209,4208,47
4210,4209,83
4211,4210,67
4212,4211,57
4213,4212,96
4214,4213,85
4215,4214,81
4216,4215,58
4217,4216,4
4218,4217,62
4219,4218,59
4220,4219,53
4221,4220,20
4222,4221,1
4223,4222,43
4224,4223,45
4225,4224,5
4226,4225,25
4227,4226,88
4228,4227,18
4229,4228,87
4230,4229,10
4231,4230,7
4232,4231,80
4233,4232,81
4234,4233,32
4235,4234,21
4236,4235,1
4237,4236,38
4238,4237,38
4239,4238,26
4240,4239,84
4241,4240,69
4242,4241,40
4243,4242,73
4244,4243,79
4245,4244,46
4246,4245,45
4247,4246,26
4248,4247,8
4249,4248,63
4250,4249,87
4251,4250,45
4252,4251,59
4253,4252,14
4254,4253,86
4255,4254,31
4256,4255,34
4257,4256,6
4258,4257,23
4259,4258,56
4260,4259,53
4261,4260,77
4262,4261,8
4263,4262,75
4264,4263,78
4265,4264,66
4266,4265,28
4267,4266,28
4268,4267,60
4269,4268,25
4270,4269,76
4271,4270,34
4272,4271,41
4273,4272,4
4274,4273,5
4275,4274,4
4276,4275,21
4277,4276,26
4278,4277,75
4279,4278,67
4280,4279,21
4281,4280,41
4282,4281,18
4283,4282,39
4284,4283,8
4285,4284,90
4286,4285,1
4287,4286,45
4288,4287,80
4289,4288,40
4290,4289,72
4291,4290,13
4292,4291,11
4293,4292,66
4294,4293,58
4295,4294,5
4296,4295,19
4297,4296,75
4298,4297,88
4299,4298,53
4300,4299,35
4301,4300,87
4302,4301,5
4303,4302,29
4304,4303,81
4305,4304,13
4306,4305,74
4307,4306,95
4308,4307,20
4309,4308,19
4310,4309,5
4311,4310,10
4312,4311,20
4313,4312,86
4314,4313,31
4315,4314,12
4316,4315,66
4317,4316,1
4318,4317,31
4319,4318,35
4320,4319,16
4321,4320,12
4322,4321,39
4323,4322,26
4324,4323,69
4325,4324,40
4326,4325,40
4327,4326,42
4328,4327,33
4329,4328,3
4330,4329,44
4331,4330,45
4332,4331,11
4333,4332,7
4334,4333,99
4335,4334,11
4336,4335,57
4337,4336,81
4338,4337,28
4339,4338,25
4340,4339,75
4341,4340,27
4342,4341,91
4343,4342,20
4344,4343,68
4345,4344,74
4346,4345,10
4347,4346,13
4348,4347,89
4349,4348,46
4350,4349,52
4351,4350,87
4352,4351,59
4353,4352,6
4354,4353,55
4355,4354,17
4356,4355,59
4357,4356,60
4358,4357,94
4359,4358,50
4360,4359,71
4361,4360,74
4362,4361,24
4363,4362,38
4364,4363,84
4365,4364,21
4366,4365,30
4367,4366,87
4368,4367,92
4369,4368,66
4370,4369,74
4371,4370,71
4372,4371,53
4373,4372,45
4374,4373,45
4375,4374,89
4376,4375,15
4377,4376,65
4378,4377,18
4379,4378,22
4380,4379,39
4381,4380,61
4382,4381,47
4383,4382,95
4384,4383,48
4385,4384,21
4386,4385,51
4387,4386,82
4388,4387,17
4389,4388,40
4390,4389,52
4391,4390,22
4392,4391,19
4393,4392,25
4394,4393,31
4395,4394,43
4396,4395,19
4397,4396,13
4398,4397,75
4399,4398,29
4400,4399,3
4401,4400,52
4402,4401,17
4403,4402,86
4404,4403,30
4405,4404,10
4406,4405,40
4407,4406,54
4408,4407,25
4409,4408,64
4410,4409,81
4411,4410,95
4412,4411,31
4413,4412,91
4414,4413,82
4415,4414,81
4416,4415,17
4417,4416,30
4418,4417,8
4419,4418,41
4420,4419,11
4421,4420,14
4422,4421,70
4423,4422,69
4424,4423,86
4425,4424,96
4426,4425,79
4427,4426,94
4428,4427,14
4429,4428,9
4430,4429,83
4431,4430,96
4432,4431,67
4433,4432,87
4434,4433,16
4435,4434,66
4436,4435,52
4437,4436,75
4438,4437,67
4439,4438,46
4440,4439,88
4441,4440,40
4442,4441,75
4443,4442,72
4444,4443,52
4445,4444,45
4446,4445,40
4447,4446,91
4448,4447,32
4449,4448,33
4450,4449,47
4451,4450,4
4452,4451,45
4453,4452,10
4454,4453,92
4455,4454,84
4456,4455,5
4457,4456,92
4458,4457,94
4459,4458,5
4460,4459,20
4461,4460,59
4462,4461,11
4463,4462,28
4464,4463,31
4465,4464,94
4466,4465,80
4467,4466,38
4468,4467,96
4469,4468,88
4470,4469,15
4471,4470,35
4472,4471,40
4473,4472,19
4474,4473,69
4475,4474,3
4476,4475,3
4477,4476,14
4478,4477,45
4479,4478,73
4480,4479,25
4481,4480,39
4482,4481,19
4483,4482,54
4484,4483,88
4485,4484,48
4486,4485,86
4487,4486,66
4488,4487,45
4489,4488,13
4490,4489,42
4491,4490,70
4492,4491,35
4493,4492,48
4494,4493,56
4495,4494,27
4496,4495,65
4497,4496,36
4498,4497,57
4499,4498,30
4500,4499,5
4501,4500,8
4502,4501,47
4503,4502,48
4504,4503,4
4505,4504,56
4506,4505,74
4507,4506,68
4508,4507,31
4509,4508,89
4510,4509,28
4511,4510,11
4512,4511,7
4513,4512,54
4514,4513,92
4515,4514,95
4516,4515,5
4517,4516,38
4518,4517,22
4519,4518,45
4520,4519,5
4521,4520,10
4522,4521,70
4523,4522,91
4524,4523,88
4525,4524,29
4526,4525,59
4527,4526,74
4528,4527,79
4529,4528,66
4530,4529,45
4531,4530,81
4532,4531,95
4533,4532,16
4534,4533,82
4535,4534,44
4536,4535,16
4537,4536,9
4538,4537,66
4539,4538,45
4540,4539,48
4541,4540,54
4542,4541,54
4543,4542,66
4544,4543,72
4545,4544,73
4546,4545,46
4547,4546,11
4548,4547,78
4549,4548,14
4550,4549,61
4551,4550,85
4552,4551,38
4553,4552,21
4554,4553,11
4555,4554,71
4556,4555,32
4557,4556,95
4558,4557,89
4559,4558,4
4560,4559,9
4561,4560,3
4562,4561,44
4563,4562,17
4564,4563,59
4565,4564,87
4566,4565,3
4567,4566,26
4568,4567,12
4569,4568,66
4570,4569,91
4571,4570,61
4572,4571,96
4573,4572,41
4574,4573,57
4575,4574,38
4576,4575,68
4577,4576,74
4578,4577,48
4579,4578,99
4580,4579,97
4581,4580,93
4582,4581,12
4583,4582,1
4584,4583,12
4585,4584,38
4586,4585,31
4587,4586,86
4588,4587,4
4589,4588,11
4590,4589,94
4591,4590,1
4592,4591,4
4593,4592,27
4594,4593,50
4595,4594,17
4596,4595,1
4597,4596,91
4598,4597,82
4599,4598,47
4600,4599,53
4601,4600,16
4602,4601,6
4603,4602,82
4604,4603,19
4605,4604,45
4606,4605,38
4607,4606,77
4608,4607,54
4609,4608,95
4610,4609,6
4611,4610,78
4612,4611,61
4613,4612,27
4614,4613,70
4615,4614,86
4616,4615,14
4617,4616,66
4618,4617,52
4619,4618,25
4620,4619,68
4621,4620,88
4622,4621,82
4623,4622,55
4624,4623,68
4625,4624,79
4626,4625,25
4627,4626,80
4628,4627,3
4629,4628,40
4630,4629,100
4631,4630,22
4632,4631,1
4633,4632,66
4634,4633,53
4635,4634,1
4636,4635,18
4637,4636,99
4638,4637,4
4639,4638,62
4640,4639,82
4641,4640,75
4642,4641,78
4643,4642,6
4644,4643,51
4645,4644,46
4646,4645,31
4647,4646,89
4648,4647,35
4649,4648,10
4650,4649,21
4651,4650,100
4652,4651,35
4653,4652,2
4654,4653,21
4655,4654,69
4656,4655,33
4657,4656,95
4658,4657,66
4659,4658,64
4660,4659,28
4661,4660,31
4662,4661,66
4663,4662,18
4664,4663,75
4665,4664,45
4666,4665,11
4667,4666,60
4668,4667,40
4669,4668,22
4670,4669,54
4671,4670,53
4672,4671,6
4673,4672,95
4674,4673,17
4675,4674,69
4676,4675,43
4677,4676,78
4678,4677,13
4679,4678,19
4680,4679,87
4681,4680,31
4682,4681,86
4683,4682,13
4684,4683,96
4685,4684,36
4686,4685,17
4687,4686,24
4688,4687,19
4689,4688,15
4690,4689,7
4691,4690,38
4692,4691,82
4693,4692,20
4694,4693,58
4695,4694,33
4696,4695,88
4697,4696,50
4698,4697,89
4699,4698,54
4700,4699,79
4701,4700,95
4702,4701,31
4703,4702,95
4704,4703,33
4705,4704,7
4706,4705,23
4707,4706,2
4708,4707,47
4709,4708,13
4710,4709,38
4711,4710,32
4712,4711,51
4713,4712,33
4714,4713,12
4715,4714,93
4716,4715,38
4717,4716,1
4718,4717,21
4719,4718,52
4720,4719,30
4721,4720,21
4722,4721,45
4723,4722,41
4724,4723,82
4725,4724,47
4726,4725,24
4727,4726,88
4728,4727,58
4729,4728,15
4730,4729,81
4731,4730,50
4732,4731,40
4733,4732,87
4734,4733,58
4735,4734,37
4736,4735,49
4737,4736,79
4738,4737,6
4739,4738,83
4740,4739,46
4741,4740,67
4742,4741,18
4743,4742,47
4744,4743,1
4745,4744,84
4746,4745,55
4747,4746,41
4748,4747,26
4749,4748,59
4750,4749,80
4751,4750,14
4752,4751,87
4753,4752,37
4754,4753,52
4755,4754,26
4756,4755,59
4757,4756,42
4758,4757,74
4759,4758,25
4760,4759,13
4761,4760,10
4762,4761,68
4763,4762,20
4764,4763,66
4765,4764,27
4766,4765,66
4767,4766,4
4768,4767,29
4769,4768,10
4770,4769,31
4771,4770,6
4772,4771,20
4773,4772,1
4774,4773,45
4775,4774,52
4776,4775,97
4777,4776,33
4778,4777,89
4779,4778,1
4780,4779,92
4781,4780,66
4782,4781,5
4783,4782,79
4784,4783,96
4785,4784,11
4786,4785,42
4787,4786,95
4788,4787,18
4789,4788,9
4790,4789,94
4791,4790,78
4792,4791,73
4793,4792,60
4794,4793,17
4795,4794,10
4796,4795,46
4797,4796,45
4798,4797,6
4799,4798,98
4800,4799,1
4801,4800,4
4802,4801,49
4803,4802,20
4804,4803,91
4805,4804,22
4806,4805,6
4807,4806,95
4808,4807,75
4809,4808,62
4810,4809,73
4811,4810,41
4812,4811,11
4813,4812,32
4814,4813,33
4815,4814,70
4816,4815,46
4817,4816,24
4818,4817,38
4819,4818,58
4820,4819,39
4821,4820,62
4822,4821,33
4823,4822,19
4824,4823,61
4825,4824,66
4826,4825,87
4827,4826,73
4828,4827,44
4829,4828,68
4830,4829,51
4831,4830,3
4832,4831,30
4833,4832,11
4834,4833,54
4835,4834,70
4836,4835,82
4837,4836,59
4838,4837,29
4839,4838,61
4840,4839,39
4841,4840,15
4842,4841,9
4843,4842,17
4844,4843,22
4845,4844,45
4846,4845,89
4847,4846,32
4848,4847,26
4849,4848,61
4850,4849,33
4851,4850,5
4852,4851,1
4853,4852,94
4854,4853,46
4855,4854,56
4856,4855,61
4857,4856,86
4858,4857,60
4859,4858,56
4860,4859,96
4861,4860,68
4862,4861,73
4863,4862,49
4864,4863,59
4865,4864,25
4866,4865,54
4867,4866,67
4868,4867,16
4869,4868,52
4870,4869,60
4871,4870,70
4872,4871,43
4873,4872,90
4874,4873,33
4875,4874,11
4876,4875,19
4877,4876,83
4878,4877,10
4879,4878,55
4880,4879,75
4881,4880,61
4882,4881,4
4883,4882,7
4884,4883,8
4885,4884,41
4886,4885,29
4887,4886,99
4888,4887,58
4889,4888,2
4890,4889,12
4891,4890,18
4892,4891,56
4893,4892,31
4894,4893,5
4895,4894,26
4896,4895,81
4897,4896,34
4898,4897,1
4899,4898,46
4900,4899,78
4901,4900,5
4902,4901,78
4903,4902,88
4904,4903,58
4905,4904,15
4906,4905,36
4907,4906,88
4908,4907,34
4909,4908,72
4910,4909,60
4911,4910,71
4912,4911,20
4913,4912,18
4914,4913,19
4915,4914,39
4916,4915,70
4917,4916,11
4918,4917,3
4919,4918,59
4920,4919,52
4921,4920,22
4922,4921,71
4923,4922,89
4924,4923,11
4925,4924,27
4926,4925,14
4927,4926,67
4928,4927,67
4929,4928,86
4930,4929,3
4931,4930,89
4932,4931,43
4933,4932,41
4934,4933,46
4935,4934,48
4936,4935,89
4937,4936,74
4938,4937,51
4939,4938,42
4940,4939,25
4941,4940,44
4942,4941,25
4943,4942,59
4944,4943,17
4945,4944,37
4946,4945,42
4947,4946,74
4948,4947,79
4949,4948,10
4950,4949,8
4951,4950,38
4952,4951,3
4953,4952,66
4954,4953,39
4955,4954,5
4956,4955,18
4957,4956,26
4958,4957,64
4959,4958,65
4960,4959,19
4961,4960,52
4962,4961,54
4963,4962,8
4964,4963,59
4965,4964,93
4966,4965,14
4967,4966,18
4968,4967,49
4969,4968,94
4970,4969,89
4971,4970,22
4972,4971,12
4973,4972,66
4974,4973,87
4975,4974,15
4976,4975,83
4977,4976,39
4978,4977,54
4979,4978,40
4980,4979,14
4981,4980,72
4982,4981,44
4983,4982,47
4984,4983,19
4985,4984,41
4986,4985,25
4987,4986,82
4988,4987,22
4989,4988,88
4990,4989,92
4991,4990,47
4992,4991,45
4993,4992,12
4994,4993,62
4995,4994,52
4996,4995,16
4997,4996,88
4998,4997,32
4999,4998,92
5000,4999,13
]:,,